id,name,host_id,host_name,neighbourhood,latitude,longitude,room_type,price,minimum_nights,number_of_reviews,last_review,reviews_per_month,calculated_host_listings_count,availability_365,number_of_reviews_ltm
1489424,"Welcoming, easygoing, comfy bed, entire level",5294164,Efrat,FOURTEENTH WARD,42.66719,-73.8158,Private room,50,1,250,21-04-2024,1.93,1,255,48
2992450,Luxury 2 bedroom apartment,4621559,Kenneth,THIRD WARD,42.65789,-73.7537,Entire home/apt,,28,9,17-08-2022,0.08,1,36,0
3820211,Restored Precinct in Center Sq. w/Parking,19648678,Terra,SIXTH WARD,42.65222,-73.76724,Entire home/apt,118,2,300,28-04-2024,2.53,4,361,15
5651579,Large studio apt  by Capital Center & ESP@,29288920,Gregg,SECOND WARD,42.64615,-73.75966,Entire home/apt,90,1,343,21-04-2024,3.13,2,15,28
6623339,Center Sq. Loft in Converted Precinct w/ Parking,19648678,Terra,SIXTH WARD,42.65222,-73.76724,Entire home/apt,120,2,314,27-04-2024,2.89,4,357,11
8035768,Entire Beautiful French Victorian 1884,42430824,John M,TENTH WARD,42.66088,-73.78147,Entire home/apt,,2,56,28-01-2024,0.53,2,334,4
8035784,Delightful French Victorian,42430824,John M,TENTH WARD,42.66063,-73.78115,Private room,199,3,18,25-07-2020,0.17,2,179,0
9005989,"Studio in The heart of Center SQ, in Albany NY",17766924,Sugey,SIXTH WARD,42.65559,-73.76506,Entire home/apt,88,1,587,16-04-2024,6.22,1,341,36
9501054,Spacious suite with full bath by Capital  Center,29288920,Gregg,SECOND WARD,42.64734,-73.75851,Private room,69,1,381,02-05-2024,3.79,2,61,40
10768745,Alb hospital area studio bath wifi. (Red),5691268,Elizabeth,FOURTEENTH WARD,42.66078,-73.80553,Entire home/apt,50,1,649,25-04-2024,6.46,2,135,110
11253948,/Fire Place Bungalow\ 1917 SUNY Eagle 6Beds 2Baths,4259750,Peter,FIFTEENTH WARD,42.67567,-73.82438,Entire home/apt,361,1,153,27-04-2024,1.58,9,353,31
11639446,$55twin($30 foreign student)FreeBF Noa/c no smoke,61700428,Adam,ELEVENTH WARD,42.67583,-73.78297,Private room,55,1,231,29-02-2024,2.39,2,364,13
12284708,"Well Lit Modern Room, Perfect Location Albany",36438637,Chad,TENTH WARD,42.65912,-73.78349,Private room,45,18,61,26-10-2019,0.63,4,186,0
12799126,Private Room in the Hearth of the Albany,69729286,Musab,SIXTH WARD,42.65154,-73.76867,Private room,50,5,28,06-02-2024,0.62,2,339,3
13083497,Pristine Cape Cod on the Creek - 4 Large Bedrooms!,1364123,Akhilesh,FIFTEENTH WARD,42.66972,-73.82753,Entire home/apt,219,2,176,14-04-2024,1.84,1,312,14
14316232,"Unique Modern Room, Perfect Location Albany",36438637,Chad,TENTH WARD,42.65726,-73.78219,Private room,45,18,48,07-01-2024,0.51,4,316,2
14989805,/Miller Colonial\ 1946 SUNY Eagle Hill 5Bed 2Baths,4259750,Peter,FIFTEENTH WARD,42.673512,-73.819679,Entire home/apt,260,1,86,03-04-2024,0.94,9,246,22
15580397,Albany Med/Downtown Albany/Colleges/BLUE ROOM.,89705052,Share,NINTH WARD,42.65651,-73.77887,Private room,,2,40,08-03-2024,0.47,3,0,8
16531782,On a little park in Albany pine hills. (Blue),5691268,Elizabeth,FOURTEENTH WARD,42.66075,-73.80605,Entire home/apt,70,1,381,01-05-2024,7.94,2,294,131
17238066,"$53($25 foreign student)Twin, noa/cno
Smoke freeBF",61700428,Adam,FIFTH WARD,42.67614,-73.78169,Private room,53,3,131,26-03-2024,1.53,2,364,3
17514620,Cozy Modern Room Perfect Location Albany,36438637,Chad,TENTH WARD,42.6584,-73.78309,Private room,45,18,54,07-04-2024,0.62,4,338,7
18341426,/Sauna Ranch 1961\ SUNY Eagle Hill 4Beds 1Bath,4259750,Peter,FIFTEENTH WARD,42.67637,-73.82395,Entire home/apt,306,1,57,26-06-2022,0.76,9,365,0
19527043,Charming 1 Bedroom in a Historic Residential Home,15223767,Ed,NINTH WARD,42.65312,-73.78161,Private room,70,1,71,22-10-2023,1.05,3,262,12
19571496,Modern Studio Perfect Location Albany,36438637,Chad,TENTH WARD,42.6585,-73.78414,Private room,50,18,27,17-02-2024,0.38,4,277,3
20519885,All The Comforts Of Home In Albany!,67171774,Michael And Flerida,FOURTEENTH WARD,42.65846,-73.80201,Entire home/apt,275,4,96,24-04-2024,1.21,1,318,21
20620135,/Red Warhol Ranch\ 1959 SUNY Eagle Hill 4beds1Bath,4259750,Peter,FIFTEENTH WARD,42.675,-73.82382,Entire home/apt,209,4,55,31-12-2022,0.69,9,310,0
20633175,"Garden Apartment, on the Park, close to Capital.",65414985,James,SEVENTH WARD,42.64939,-73.76865,Entire home/apt,126,2,130,28-05-2023,1.75,2,297,1
20671966,The Metropolitan,98744672,Bela,NINTH WARD,42.65532,-73.78244,Entire home/apt,75,2,39,01-06-2023,0.48,8,252,1
21052414,Cozy bedroom with (2) walk-in closets,135717458,Chad,THIRTEENTH WARD,42.66565,-73.77975,Private room,40,18,40,08-12-2023,0.56,3,321,5
21392315,The Blair Suite,98744672,Bela,NINTH WARD,42.65372,-73.78244,Entire home/apt,70,2,113,10-03-2024,1.44,8,303,15
21449583,/zBig Blue Ranch\ 1962 SUNY Eagle Hill 4Beds 2Bath,4259750,Peter,FIFTEENTH WARD,42.67547,-73.82402,Entire home/apt,570,4,8,27-07-2018,0.1,9,364,0
21752534,"NEW LISTING! Modern, completely updated, LOCATION!",152762198,Allen,TENTH WARD,42.66045,-73.77833,Entire home/apt,75,3,163,21-04-2024,2.08,9,356,15
21769213,Cozy downstairs bedroom in quiet neighborhood!,135717458,Chad,ELEVENTH WARD,42.66572,-73.77834,Private room,35,18,24,01-03-2024,0.31,3,267,5
21769439,Cozy upstairs room with (1) walk-in closet,135717458,Chad,ELEVENTH WARD,42.66703,-73.77842,Private room,35,18,22,11-02-2024,0.28,3,271,2
22398196,Elegant Guest Suite in our beautiful Victorian!,98744672,Bela,NINTH WARD,42.65501,-73.78122,Private room,55,2,105,11-01-2024,1.37,8,349,13
22431640,"Bright Central Apartment Near Hospital, Park and",108848737,Jake,SEVENTH WARD,42.64717,-73.77135,Entire home/apt,75,1,441,22-04-2024,6.01,2,21,27
24120690,One Bedroom apartment with private entrance,156446839,Domini,FOURTEENTH WARD,42.65975,-73.81196,Private room,75,2,121,02-02-2024,1.64,1,238,20
24606880,The Western Suite,98744672,Bela,NINTH WARD,42.65431,-73.78178,Private room,55,2,40,08-03-2024,0.59,8,302,2
24655782,‚≠ê‚≠êCheck it out! This apartmnt has a bunch of great,108848737,Jake,SEVENTH WARD,42.6477,-73.7714,Entire home/apt,79,1,361,29-04-2024,4.93,2,138,37
25549565,Quiet and Pretty in the Heart of Center Square,9666970,Janet,SIXTH WARD,42.65345,-73.7645,Entire home/apt,91,1,795,21-04-2024,11.05,1,111,124
25976514,City Feel - Green Room,31757246,Leiba,SIXTH WARD,42.65333,-73.77293,Private room,100,3,12,27-07-2023,0.17,1,358,1
26139592,Garden Apartment in Ctr. Square: Monthly Discounts,6833937,Farah,SIXTH WARD,42.65403,-73.76325,Entire home/apt,89,2,112,02-04-2024,1.6,1,297,15
27670660,The Rock & Roll Suite,98744672,Bela,NINTH WARD,42.65430832,-73.78177643,Private room,55,2,23,02-04-2024,0.36,8,271,14
27692601,Albany Cozy home with fireplaces and Sunroom,202580880,Rosanne,EIGHTH WARD,42.64514,-73.80668,Entire home/apt,,3,14,08-10-2022,0.21,1,172,0
28341274,Private room in historic building on the park,54394342,Alice,SIXTH WARD,42.65821,-73.76917,Private room,75,1,62,28-02-2024,0.91,1,340,20
28400263,Private Room in Historic Residential Home,15223767,Ed,NINTH WARD,42.65464,-73.78348,Private room,50,1,246,08-04-2024,3.7,3,256,25
28519423,Albany Med/Downtown Albany/Colleges/RED ROOM.,89705052,Share,TENTH WARD,42.65746,-73.77904,Private room,,2,63,26-04-2024,0.93,3,1,18
28722270,‚úçHistoric Loft Suite @ Downtown Albany,44434571,Earl,SECOND WARD,42.64535,-73.75365,Entire home/apt,98,1,629,28-04-2024,9.48,7,346,48
28868857,‚≠êCozy Garden Suite Full Amenities @Downtown Albany,44434571,Earl,SECOND WARD,42.64535,-73.75365,Entire home/apt,60,1,555,22-04-2024,8.45,7,302,84
28929840,"Spacious
private suite and private bath",194113768,Rachel,FOURTH WARD,42.6737,-73.75313,Private room,95,1,6,27-05-2023,0.09,1,178,1
29605579,Funky Urban 1 Bedroom Apt w/ Parking in Center Sq,19648678,Terra,SIXTH WARD,42.65235,-73.76714,Entire home/apt,117,2,90,01-04-2024,1.34,4,284,9
30189794,Seashore Suite At The Inn on South Lake,98744672,Bela,NINTH WARD,42.6533,-73.78114,Private room,55,2,64,30-12-2023,1,8,20,10
32279028,"Cosy, comfy and quiet for one",172223381,Diana,EIGHTH WARD,42.64936,-73.80278,Private room,49,1,199,08-04-2024,3.14,2,6,37
32450400,Moroccan Sands,97330032,Sherrell,FOURTH WARD,42.6761,-73.73825,Private room,122,3,0,,,1,180,0
32993402,‚ú®Historic Full Amenities 2BR Apt @Downtown Albany,44434571,Earl,SECOND WARD,42.64563,-73.75311,Entire home/apt,113,1,405,14-04-2024,6.48,7,243,29
33558235,"‚ù£Ô∏èHistoric, Spacious & Fun 2BR Apt @Dwtown Albany",44434571,Earl,SECOND WARD,42.64585,-73.75297,Entire home/apt,124,1,406,22-04-2024,6.61,7,347,46
34330970,Muhammed Ali Lounge & Pool Hall ‚¨¢‚¨°,232967878,Diana,SECOND WARD,42.64335,-73.7579,Entire home/apt,140,1,266,21-04-2024,4.45,22,75,67
35793179,Cozy Bedroom in Historic Residential Home,15223767,Ed,SEVENTH WARD,42.65259,-73.78223,Private room,50,1,153,12-04-2024,2.6,3,240,43
35914565,The Poker Room ‚ô§ Downtown Albany,232967878,Diana,SECOND WARD,42.64506,-73.75727,Entire home/apt,100,1,270,21-04-2024,4.58,22,73,52
36443605,Sophisticated Retreat: 2BR in heart of Albany,188679144,Elizabeth,THIRTEENTH WARD,42.66619,-73.79031,Entire home/apt,,2,52,29-02-2024,0.89,8,303,5
38321579,Comfy and quiet,172223381,Diana,EIGHTH WARD,42.65085,-73.80239,Private room,57,1,311,05-05-2024,5.49,2,121,103
39093517,Secure 5-Star Oasis with Purified Air & Parking,299638115,Dominick And Flerida,SIXTH WARD,42.65507,-73.76138,Entire home/apt,151,4,39,20-04-2024,0.73,3,340,4
39698576,Spacious Designer 1-Bed Near Albany Med,188679144,Elizabeth,NINTH WARD,42.65483,-73.78033,Entire home/apt,,5,23,22-09-2023,0.42,8,339,1
39836487,Completely Renovated Center Square Top FL Studio,306508346,Adem,SIXTH WARD,42.65547,-73.7651,Entire home/apt,78,1,258,04-05-2024,4.71,2,55,71
39873571,Lovely 2 bedroom apartment in downtown Albany.,306508346,Adem,THIRD WARD,42.65682,-73.76298,Entire home/apt,78,1,139,30-08-2023,6.06,2,202,33
40491172,"Renovated, private parking,location, washer dryer!",152762198,Allen,THIRTEENTH WARD,42.66827,-73.79231,Entire home/apt,98,3,106,28-04-2024,1.97,9,336,20
40828178,Comfortable! One Bedroom A/C Apartment Queen Bed,47491906,Lloyd,FOURTH WARD,42.67773,-73.73899,Entire home/apt,113,1,166,07-08-2023,3.16,1,282,4
40897436,Historic Home Away from Home,50283047,Ellen,SIXTH WARD,42.65592,-73.76259,Entire home/apt,100,7,26,27-11-2023,0.49,1,143,4
41319631,Modern Carriage in the Heart of Albany,59864591,Daniel,SIXTH WARD,42.65115,-73.7668,Entire home/apt,92,30,4,06-01-2023,0.11,1,93,0
42009788,Center Square Sanctuary: Private 2-Bedroom Gem,188679144,Elizabeth,SIXTH WARD,42.65315,-73.76202,Entire home/apt,,7,22,30-12-2023,0.43,8,302,6
42092736,Private Bedroom in Cozy Ranch Home,41400541,John,FOURTEENTH WARD,42.66403,-73.81446,Private room,45,1,153,02-05-2024,2.98,1,160,55
42391372,Central Albany Apartment: Walk to State Capitol!,121680792,Evolve,SECOND WARD,42.6469,-73.75761,Entire home/apt,,3,27,27-10-2022,0.57,4,356,0
42567833,Homey,339085327,Arkady,NINTH WARD,42.65567,-73.7854,Entire home/apt,,70,0,,,1,365,0
42763847,Charming dog friendly home with private yard!,649068,Anthony,FIRST WARD,42.63876,-73.78535,Entire home/apt,147,1,94,10-04-2024,1.91,1,17,21
43208391,Historic Downtown Albany Apartment,272907816,Angela,SECOND WARD,42.64453,-73.75426,Entire home/apt,120,2,85,22-04-2024,1.93,4,73,18
43459803,Luxury & Safety in Center Square + Parking,299638115,Dominick And Flerida,SIXTH WARD,42.65556,-73.76205,Entire home/apt,175,4,16,02-04-2024,0.41,3,330,5
43736299,*The Blue House* Incredible 3 Bedroom Apartment,349460842,Scott,TENTH WARD,42.66257,-73.78281,Entire home/apt,158,1,113,08-04-2024,2.42,5,358,25
43955950,* Quaint home located in residential neighborhood*,232967878,Diana,EIGHTH WARD,42.64383,-73.78926,Entire home/apt,245,2,73,21-04-2024,1.56,22,69,24
44180048,Historic Queen Studio Across from Washington Park!,355777684,Lloyd,SIXTH WARD,42.65935,-73.76805,Entire home/apt,124,1,332,09-04-2024,7.17,3,322,59
44265426,Parkside Queen 1 Bedroom (1800's) Brownstone!,355777684,Lloyd,SIXTH WARD,42.66006,-73.76966,Entire home/apt,132,1,291,28-04-2024,6.35,3,244,51
44450012,Spacious upscale luxury apartment with huge yard,353498132,Michael,EIGHTH WARD,42.64808,-73.7996,Entire home/apt,135,13,23,16-03-2024,0.51,5,277,3
45024912,Private Apt Queen 1 Bed Sanctuary with many Extras,362851072,Elsa,FOURTEENTH WARD,42.66132,-73.7956,Entire home/apt,136,1,123,13-04-2024,2.73,1,364,21
45074220,"Historic Albany, Loft Apartment",272907816,Angela,SECOND WARD,42.64454,-73.75369,Entire home/apt,97,2,30,28-02-2024,0.93,4,26,5
45313545,Adorable & Trendy 1 Bd Apt Minutes to Albany Med!,165293595,Kori,NINTH WARD,42.6545,-73.78223,Entire home/apt,82,2,116,21-04-2024,2.68,1,126,41
45528939,UNIQUE Gem in HEART of Albany ‚òÖ Spiral Staircase,47625981,Linda,SECOND WARD,42.64801,-73.75668,Entire home/apt,120,1,89,21-04-2024,2.23,15,342,24
45529316,WOW ‚òÖ Bright Apt ‚òÖ PRIME downtown Walk Everywhere,47625981,Linda,SECOND WARD,42.64821,-73.75793,Entire home/apt,120,1,101,16-04-2024,2.53,15,330,23
45529447,‚òÖ 2 BEDROOM / 1 BATH TRENDY Apt ‚òÖ Downtown Albany,47625981,Linda,SECOND WARD,42.64713,-73.75628,Entire home/apt,140,1,123,21-04-2024,3.1,15,341,21
45804322,Home in Heart of Pine Hills,124848440,Emilie,TENTH WARD,42.66137,-73.7904,Private room,100,1,146,04-05-2024,3.38,1,81,57
46894493,Our Antique Bungalow,69789449,Dan,NINTH WARD,42.65311,-73.78525,Entire home/apt,190,1,211,01-05-2024,5.34,1,264,57
47334913,"Newly renovated,Amazing Location,private parking",152762198,Allen,THIRTEENTH WARD,42.66646,-73.79184,Entire home/apt,94,3,64,11-04-2024,1.61,9,151,19
47345872,Bright large 1 bdr loft in Center Sq -free parking,19648678,Terra,SIXTH WARD,42.65345,-73.76663,Entire home/apt,126,1,49,04-05-2024,1.24,4,305,19
47408047,"Quiet cozy apartment, private laundry, great spot!",152762198,Allen,FOURTEENTH WARD,42.67156,-73.80883,Entire home/apt,84,3,50,15-04-2024,1.28,9,330,19
47440071,Lux Loft Suite in Historic Jesse Buel House,382970529,Thomas,THIRTEENTH WARD,42.6692,-73.79849,Private room,140,1,120,04-05-2024,2.99,11,58,37
47828453,"Secure, Safe & Sanitized 2Bd Work, Relax in Albany",299638115,Dominick And Flerida,THIRD WARD,42.656,-73.76123,Entire home/apt,,4,18,02-04-2024,0.46,3,365,3
47902629,"Renovated 2br/2ba, close to Alb Med & St. Petes.",21886921,David,THIRTEENTH WARD,42.66744,-73.79216,Entire home/apt,125,14,7,01-01-2024,0.19,2,320,1
47943571,Downtown Albany 1 Bed + Workstation @ Maiden Lane,385664127,Dillon,THIRD WARD,42.65118087,-73.75273894,Entire home/apt,100,1,137,21-04-2024,3.49,2,330,41
48052353,*The Rustic Home* 3 Bedroom Second Floor Apartment,349460842,Scott,TENTH WARD,42.66261,-73.78332,Entire home/apt,176,1,146,25-02-2024,3.72,5,339,32
48124042,Downtown Albany 2 Bedroom + Workstation @ The Mark,385664127,Dillon,THIRD WARD,42.64981845,-73.75090228,Entire home/apt,115,1,185,22-04-2024,5.53,2,233,48
48172884,The Down Under Suite,98744672,Bela,NINTH WARD,42.65399,-73.78126,Private room,45,2,56,26-04-2024,1.45,8,333,26
48470454,"/ New Giant Victorian \ 7beds 6 baths + 2x 85"" TVs",4259750,Peter,THIRTEENTH WARD,42.66526413,-73.78692627,Entire home/apt,,2,30,03-12-2023,1.37,9,321,19
49886937,VACATION TIME,219746338,Nicola,FOURTH WARD,42.65854,-73.74926,Shared room,45,1,0,,,1,358,0
50171851,Beautiful Center Square Garden-Level Unit,48490017,Todd,SIXTH WARD,42.65157,-73.76546,Entire home/apt,129,2,150,10-04-2024,4.52,1,190,56
50207226,‚òÖ RARE 1BR Apt with Character GREAT Location! W/D‚òÖ,47625981,Linda,FOURTH WARD,42.65888,-73.74673,Entire home/apt,115,1,73,16-04-2024,2.06,15,76,15
50211226,Quiet Studio By Washington Park | Walkable!,105597161,Jake & Kate,ELEVENTH WARD,42.66034,-73.77163,Entire home/apt,110,2,154,16-04-2024,5.38,1,284,61
50354540,Heart of Center Square: Designer 2-Bed Retreat,188679144,Elizabeth,SIXTH WARD,42.65333,-73.76402,Entire home/apt,,3,9,13-08-2023,0.26,8,365,3
50639032,"Sunny Queen bed, Quiet w/Beautiful Garden",172539578,David Yisrael,FIFTEENTH WARD,42.67945,-73.81647,Private room,65,3,37,31-03-2024,1.16,2,83,5
50890336,"‚òÖCHIC, Renovated Brownstone‚òÖ in PRIME DT Albany",47625981,Linda,FOURTH WARD,42.65901,-73.74748,Entire home/apt,120,1,39,08-10-2023,1.16,15,353,6
51230498,"Chic-romantic, center-city, hotel-style apartment.",414738935,Sonya,THIRD WARD,42.66064,-73.76074,Entire home/apt,71,1,217,16-04-2024,6.4,1,66,55
51461480,üçÉChic & Cozy Near Washington Park Garden Suite,416799784,Rosie,TENTH WARD,42.65969,-73.77564,Entire home/apt,93,7,21,31-03-2023,0.68,1,88,0
51503537,Walk to Everything Downtown Albany! Luxury Apt!,394420519,All Seasons,THIRD WARD,42.65061,-73.75006,Entire home/apt,105,4,8,02-04-2024,0.25,1,56,1
51560588,Steps 2 Capital,392074908,Jerry,SIXTH WARD,42.65431,-73.75997,Entire home/apt,,365,42,10-09-2023,1.27,4,364,5
51579900,‚òÖMODERN 1BR GREAT Location Downtown! W/D Parking!‚òÖ,47625981,Linda,FOURTH WARD,42.65856,-73.74866,Entire home/apt,115,1,67,16-04-2024,2.02,15,357,21
51592836,Lovely 1 Bedroom Unit In Historic Brownstone!,60293220,David,THIRD WARD,42.65843553,-73.74977589,Entire home/apt,90,3,75,29-04-2024,2.39,3,339,27
51710034,Empire Plaza View I,392074908,Jerry,SIXTH WARD,42.65269,-73.76076,Entire home/apt,88,2,34,03-04-2024,1.04,4,278,9
51960331,"Tuscan Garden Apt at Caf√© Capriccio Albany, NY",418024477,Marlene,SECOND WARD,42.64684,-73.75614,Entire home/apt,125,1,83,16-04-2024,2.59,2,168,13
52152157,"Modern space, everything you could want!",152762198,Allen,FIRST WARD,42.63066,-73.77357,Entire home/apt,100,3,53,06-05-2024,1.67,9,146,14
52225409,3 bedroom single family home w/ off street parking,207800855,Iris,TWELFTH WARD,42.68553,-73.79716,Entire home/apt,137,3,43,19-02-2024,1.41,3,80,29
52241973,Garden Apartment in Historic Center Square Home,35465673,Jason,SIXTH WARD,42.65641,-73.76413,Entire home/apt,87,1,223,21-04-2024,7.17,1,54,85
52301345,Washington Park Brownstone-Large Luxury Bedroom 1,49100926,Clyde,SIXTH WARD,42.65934,-73.76966,Private room,100,2,4,16-08-2022,0.15,4,338,0
52359404,3 bedroom quiet neighborhood w/ off street parking,207800855,Iris,FIFTEENTH WARD,42.67044,-73.82573,Entire home/apt,126,1,85,16-04-2024,2.71,3,354,38
52360097,Empire Plaza View II,392074908,Jerry,SIXTH WARD,42.65386,-73.75958,Entire home/apt,88,2,69,31-03-2024,2.17,4,327,11
52611613,* Adorable home w/parking near great restaurants *,232967878,Diana,NINTH WARD,42.65674,-73.79221,Entire home/apt,185,2,106,20-04-2024,3.4,22,66,39
52619545,* Centrally located Eclectic vibe 2 bed w/parking,232967878,Diana,THIRTEENTH WARD,42.67181,-73.79543,Entire home/apt,125,2,72,13-04-2024,2.3,22,75,24
52691284,+ Perfect place to make memories with loved ones +,232967878,Diana,TENTH WARD,42.66236,-73.79245,Entire home/apt,600,2,65,21-04-2024,2.09,22,79,22
52836323,*Hidden gem w/in walking distance to Madison Ave *,232967878,Diana,THIRTEENTH WARD,42.67131,-73.7921,Entire home/apt,145,1,65,21-04-2024,2.26,22,85,37
52837196,‚òÖMODERN 1BR Apt w/ PRIVATE deck! W/D‚òÖ,47625981,Linda,FOURTH WARD,42.65812,-73.74837,Entire home/apt,115,1,63,07-04-2024,2.04,15,268,21
52863776,Washington Parkside 1 Bedroom In 1800s Brownstone!,355777684,Lloyd,SIXTH WARD,42.65826,-73.76944,Entire home/apt,132,1,158,21-04-2024,5.14,3,329,61
52923647,Cozy 3BR House in Whitehall near DT Albany,428451585,Erwin,EIGHTH WARD,42.64792,-73.79953,Entire home/apt,,3,0,,,1,365,0
53115382,Cozy 1-bdrm apt with off street parking,207800855,Iris,FIFTEENTH WARD,42.67004,-73.82367,Entire home/apt,88,2,27,24-05-2023,0.9,3,3,1
53312101,* 1 bed near Times Union center & Egg w/parking *,232967878,Diana,SECOND WARD,42.64369,-73.7581,Entire home/apt,95,2,48,13-04-2024,1.6,22,86,27
53483727,Spacious Urban APT w/4BR & Office in Albany,433096110,Brian,FOURTEENTH WARD,42.65824,-73.80114,Entire home/apt,181,1,116,04-05-2024,4.07,3,247,45
53567589,Private Garden Apt in Downtown Albany|Pets Allowed,433096110,Brian,SIXTH WARD,42.65204,-73.76655,Entire home/apt,99,1,198,04-05-2024,6.78,3,325,76
53645427,‚òÖ BEAUTIFUL  2 BED 2 BATH  w/ SOAKER TUB + W/D‚òÖ,47625981,Linda,FOURTH WARD,42.65913,-73.74722,Entire home/apt,150,1,84,14-04-2024,2.87,15,338,35
53860077,/ Gorgeous Garden Getaway\ 1943 SUNY Eagle Hill,4259750,Peter,FIFTEENTH WARD,42.674675,-73.822861,Entire home/apt,532,1,21,17-04-2024,0.81,9,332,9
53939991,Walk to Albany Med/New Scotland‚Äôs Restaurant Row,30883612,Mary,NINTH WARD,42.65302,-73.7875,Entire home/apt,125,30,1,06-03-2022,0.04,2,324,0
53971505,Charming 1 Bdrm Garden Apt in Historic Brownstone,60293220,David,FOURTH WARD,42.65873,-73.7494,Entire home/apt,,13,3,31-12-2022,0.11,3,365,0
54097694,B Unieke,438504176,Roland,SECOND WARD,42.64683,-73.75662,Entire home/apt,,1,0,,,1,365,0
54105517,Tuscan Studio Apartment at Caf√© Capriccio,418024477,Marlene,SECOND WARD,42.6464,-73.75684,Entire home/apt,125,1,40,20-08-2023,1.47,2,267,7
54126420,Beautiful 1 bedroom in a quiet residential area.,37769478,Erion,TENTH WARD,42.66261,-73.79026,Entire home/apt,70,1,74,12-04-2024,3.19,9,352,22
54126421,Beautiful Apartment in the heart of Albany,37769478,Erion,SIXTH WARD,42.65422,-73.76996,Entire home/apt,100,1,60,02-04-2024,2.33,9,253,27
54126427,Beautiful 1 bedroom In the heart of Albany,37769478,Erion,SIXTH WARD,42.65403,-73.77056,Entire home/apt,100,1,102,08-04-2024,3.6,9,214,5
54128829,Modern & Cozy Cntr Square Townhouse Gem from 1854,265709295,Richard & Priscela,SIXTH WARD,42.65594,-73.76591,Entire home/apt,189,1,197,27-04-2024,7.32,2,314,75
54150131,Charming 170-Year-Old Home in the Heart of Albany,432936385,Jared,SIXTH WARD,42.65110902,-73.76590241,Entire home/apt,145,1,134,05-05-2024,5.16,1,275,73
54232383,Lovely 2 bedroom unit with indoor fireplace.,272907816,Angela,SECOND WARD,42.64459,-73.75392,Entire home/apt,125,2,5,06-11-2022,0.25,4,3,0
54369238,"Cozy townhouse, close to hospital, free parking!",152762198,Allen,NINTH WARD,42.65578,-73.78641,Entire home/apt,99,3,31,25-12-2023,1.58,9,94,23
54369240,Lovely 1 bedroom rental close to Alb Med!,152762198,Allen,TENTH WARD,42.65905,-73.77964,Entire home/apt,84,3,41,09-04-2024,1.73,9,353,25
5.52126E+17,Washington Park Brownstone-Large Luxury Bedroom 2,49100926,Clyde,SIXTH WARD,42.65902,-73.7701,Private room,110,2,4,20-01-2023,0.15,4,309,0
5.53841E+17,Washington Park Brownstone-Large Private Lux Rm 3,49100926,Clyde,SIXTH WARD,42.6595,-73.76938,Private room,100,2,4,02-07-2023,0.15,4,309,2
5.54082E+17,Washington Park Brownstone- Large Luxury Bedroom 4,49100926,Clyde,SIXTH WARD,42.6598,-73.76995,Private room,100,2,6,02-10-2022,0.22,4,310,0
5.5925E+17,Cozy 1 bedroom with office and luxurious King size,433884293,Uniah,NINTH WARD,42.66062,-73.79112,Entire home/apt,,6,2,26-06-2023,0.11,1,363,1
5.63712E+17,/Purple Potty Penthouse\ 1928 Pine Hill 4Bed 1Bath,4259750,Peter,THIRTEENTH WARD,42.66919,-73.78672,Entire home/apt,266,2,6,24-12-2022,0.22,9,365,0
5.65172E+17,Lovely 1 bed apartment close to MVP Arena,232967878,Diana,SECOND WARD,42.64342,-73.75742,Entire home/apt,120,1,74,16-04-2024,2.75,22,82,28
5.81058E+17,‚óÜUNIQUE‚óÜ spacious LOFT with photo studio w/d!,47625981,Linda,THIRD WARD,42.65848,-73.76359,Entire home/apt,115,1,39,18-02-2024,1.5,15,208,11
5.88298E+17,Modern one bedroom with free off street parking,353498132,Michael,SECOND WARD,42.64441,-73.75647,Entire home/apt,98,13,10,10-01-2024,0.44,5,265,3
5.93272E+17,Lux Suite at the Historic Jesse Buel House.,382970529,Thomas,THIRTEENTH WARD,42.66911,-73.79869,Private room,131,1,96,05-05-2024,4.29,11,58,57
5.94827E+17,Oversized studio with free parking & Netflix,232967878,Diana,SECOND WARD,42.64252,-73.75688,Entire home/apt,119,1,78,16-04-2024,3.05,22,84,37
6.10091E+17,Cozy rental near hospitals! Off street parking,40548251,Reyana,NINTH WARD,42.652049,-73.7949665,Entire home/apt,111,2,39,21-04-2024,2.16,1,325,25
6.17242E+17,Iconic City Center Apt in Downtown | Pets Allowed,433096110,Brian,SIXTH WARD,42.65353,-73.7679,Entire home/apt,113,1,125,04-05-2024,5.14,3,196,58
6.18673E+17,"Huge loft with a king bed, balcony and park views",2554853,Nim,SIXTH WARD,42.65547943,-73.76625061,Entire home/apt,135,5,6,18-01-2024,0.33,1,206,4
6.19695E+17,Modern luxury one bedroom with off street parking,353498132,Michael,SECOND WARD,42.64489,-73.75731,Entire home/apt,111,13,7,12-03-2024,0.32,5,275,4
6.20481E+17,"Lovely renovated, 2-bedroom home with free parking",457678547,Najeem Adegbemiga,SEVENTH WARD,42.640217,-73.780815,Entire home/apt,,3,15,12-04-2024,0.72,1,359,9
6.2196E+17,One-of-a-Kind Luxe Urban Farmhouse w/ Heated Pool,382970529,Thomas,FOURTEENTH WARD,42.66762,-73.79919,Entire home/apt,1379,1,7,28-12-2023,0.32,11,329,2
6.23102E+17,Walk everywhere! Stylish apartment for up to 5,1176120,Julia,THIRD WARD,42.65723,-73.75684,Entire home/apt,119,1,131,16-04-2024,5.43,3,76,54
6.25347E+17,Charming Garden Apartment in Center Square,12742779,Kathryn,SIXTH WARD,42.65347,-73.7662,Entire home/apt,105,1,200,29-04-2024,8.58,1,302,122
6.28163E+17,‚òÖSPACIOUS 1BR Apt w/ Character 10ft Ceilings W/D!‚òÖ,47625981,Linda,SECOND WARD,42.64528,-73.75861,Entire home/apt,120,1,40,08-04-2024,1.71,15,352,19
6.28824E+17,Clean lines and accessible Convenient Location!,7164949,Jordan,THIRD WARD,42.66169975,-73.76466828,Private room,68,2,0,,,1,88,0
6.31035E+17,‚òÖPRIVATE 1 BDRM Newly Renovated Apt W/D Patio‚òÖ,47625981,Linda,SECOND WARD,42.64558,-73.75928,Entire home/apt,100,1,42,08-04-2024,1.78,15,155,17
6.31779E+17,Lovely 3-bedroom apartment with indoor fireplace.,272907816,Angela,SECOND WARD,42.645252,-73.753433,Entire home/apt,,2,15,16-04-2024,1.02,4,83,11
6.34108E+17,Perfect for Families and Traveling Professionals,119340359,Lori,SIXTH WARD,42.65323,-73.76797,Entire home/apt,169,1,93,29-04-2024,3.97,2,104,44
6.36902E+17,Cozy Private Room in a Residential House in Albany,376794541,Neha,ELEVENTH WARD,42.6635364,-73.7778236,Private room,47,10,21,16-08-2023,0.96,3,154,6
6.37104E+17,Walk everywhere! Stylish downtown Albany 2BR,1176120,Julia,THIRD WARD,42.65802,-73.756165,Entire home/apt,122,1,131,06-04-2024,5.59,3,83,58
6.42909E+17,Charming City Retreat | Walk to Dining + Park,462767507,Joshua,SIXTH WARD,42.65427,-73.76455,Entire home/apt,90,3,28,02-04-2024,1.3,4,354,22
6.4657E+17,Peaceful 2 bedroom condo in the heart of Albany,172658781,Jessica,THIRTEENTH WARD,42.66897,-73.79653,Entire home/apt,100,30,0,,,1,117,0
6.49974E+17,Modern luxury studio with free off street parking,353498132,Michael,SECOND WARD,42.64625,-73.75663,Entire home/apt,90,14,5,05-08-2023,0.24,5,278,2
6.53434E+17,Lovely apartment in heart of Albany,1761578,Grant,SIXTH WARD,42.65389,-73.76538,Entire home/apt,130,2,3,02-04-2024,0.22,3,56,2
6.54303E+17,‚òÖ Private 1 bdrm w/ backyard access ‚òÖ In-unit W/D,47625981,Linda,FOURTH WARD,42.65752,-73.74743,Entire home/apt,115,1,40,01-04-2024,1.82,15,191,17
6.57131E+17,Lovely Garden Apt. in Historic Brownstone,166246610,Shawn,THIRD WARD,42.65795,-73.75092,Entire home/apt,101,4,16,29-02-2024,0.74,1,268,10
6.58161E+17,Lovely artist 1 bedroom apartment close to LARK,30920241,Miri,SIXTH WARD,42.65128,-73.7686,Entire home/apt,86,30,0,,,1,35,0
6.58638E+17,CHEERFULL 3 BEDROOM HOME WITH FREE PARKING.,466389096,Patrice,FIRST WARD,42.6374547,-73.7716647,Entire home/apt,159,5,5,22-09-2023,0.23,2,217,2
6.62133E+17,Beautiful 4 bedroom house Large eat in kitchen,466389096,Patrice,FIRST WARD,42.6378819,-73.7715269,Entire home/apt,150,7,1,15-07-2022,0.05,2,223,0
6.67645E+17,Pied-a-terre albany,439560254,Sean,SIXTH WARD,42.65541381,-73.76367521,Entire home/apt,120,2,74,05-05-2024,3.43,1,70,42
6.68608E+17,The Rose Room at Historic Buel House,382970529,Thomas,FOURTEENTH WARD,42.66758,-73.7992,Private room,75,1,100,30-04-2024,4.53,11,60,49
6.68608E+17,The Silk and Sun Room at Historic Jesse Buel House,382970529,Thomas,FOURTEENTH WARD,42.66764,-73.79908,Private room,75,1,89,04-05-2024,4.03,11,60,44
6.77623E+17,**New Listing! Modern 2 bdrm Apt in Mansion Area!,203631769,Johnny,SECOND WARD,42.64531,-73.75963,Entire home/apt,,2,28,29-09-2023,1.34,1,0,3
6.77764E+17,Peaceful 3 Bedroom in the Heart of Central Albany,471187792,Romel,THIRTEENTH WARD,42.6694413,-73.7974941,Entire home/apt,141,1,56,26-01-2024,2.63,1,28,27
6.81241E+17,Tranquil Master Bedroom,376794541,Neha,ELEVENTH WARD,42.66305,-73.77726,Private room,49,15,7,31-03-2024,0.52,3,142,6
6.81264E+17,"Comfy private room in a Residential House, Albany",376794541,Neha,ELEVENTH WARD,42.66286,-73.77817,Private room,47,10,13,30-04-2024,0.6,3,88,7
6.81952E+17,Albany-2 bedrooms apt (1st fl) A&A-Sisters Rental,461579260,Md,SECOND WARD,42.646896,-73.757612,Entire home/apt,,1,3,31-03-2024,0.21,2,303,2
6.82688E+17,Lovely 4 bed 2 bath located near St Rose,232967878,Diana,TENTH WARD,42.66172,-73.78497,Entire home/apt,179,1,92,21-04-2024,4.31,22,60,55
6.841E+17,Cozy 1BR with Patio in the Heart of Albany,1176120,Julia,THIRD WARD,42.65732,-73.75676,Entire home/apt,99,1,84,21-04-2024,3.93,3,75,43
6.85516E+17,Lovely Unit with Free Parking on Premises,392074908,Jerry,SEVENTH WARD,42.64759,-73.77049,Entire home/apt,,2,5,27-08-2023,0.24,4,364,2
6.87497E+17,Albany-3 bedrooms apt (2nd fl) A&A-Sisters Rental,461579260,Md,SECOND WARD,42.64621,-73.75723,Entire home/apt,,1,4,28-05-2023,0.21,2,247,1
6.88355E+17,Albany-3 bedrooms apt (3rd fl) A&A-Sisters Rental,474123093,Lipa,SECOND WARD,42.646896,-73.757612,Entire home/apt,,1,14,28-04-2024,0.66,1,357,5
6.89719E+17,"Elegant, spacious studio apt in historic mansion",1717342,David,SIXTH WARD,42.65405765,-73.760713,Entire home/apt,101,1,162,16-04-2024,7.75,2,207,106
6.92808E+17,Relax in Style by Washington Park - Free Parking,67337944,Rabia,ELEVENTH WARD,42.6623,-73.777,Entire home/apt,125,1,79,27-04-2024,4.79,1,299,59
6.95129E+17,Cozy 1-bedroom bungalow with office,130759460,Kelsey,EIGHTH WARD,42.64971,-73.80079,Entire home/apt,,4,7,26-08-2023,0.38,1,0,3
6.99074E+17,Luxurious 2 bedroom 2 bathroom. Private parking.,476189412,Timothy,SECOND WARD,42.6468502,-73.7587258,Entire home/apt,299,30,5,14-05-2023,0.26,2,158,1
7.03552E+17,Cozy Albany Home,3650672,Zuhair,THIRTEENTH WARD,42.67075411,-73.79704357,Entire home/apt,253,2,0,,,1,365,0
7.0566E+17,Luxurious one bedroom with off-street parking,353498132,Michael,SECOND WARD,42.64577,-73.7583,Entire home/apt,99,13,4,02-04-2024,0.24,5,260,2
7.08041E+17,"Hilts & Kinfolks, LLC - Albany Private Room 2",478008190,Edward,FOURTEENTH WARD,42.66008,-73.79816,Private room,27,30,4,16-08-2023,0.24,3,283,3
7.0806E+17,"Hilts & Kinfolks, LLC - Albany, Private Room 3",478008190,Edward,FOURTEENTH WARD,42.65929701,-73.79720148,Private room,27,30,2,23-05-2023,0.11,3,312,1
7.08068E+17,"Hilts & Kinfolks, LLC - Albany Private Room 1",478008190,Edward,FOURTEENTH WARD,42.65935889,-73.7972692,Private room,26,30,5,12-04-2024,0.28,3,278,2
7.12543E+17,"Downtown Historic 3 Bedroom, private parking",476189412,Timothy,SECOND WARD,42.6468502,-73.7587258,Entire home/apt,299,30,7,01-10-2023,0.36,2,185,3
7.17373E+17,Centrally located 2 bed w/ off street parking,232967878,Diana,THIRTEENTH WARD,42.6732,-73.79199,Entire home/apt,136,2,34,21-04-2024,1.83,22,84,19
7.23957E+17,"Modern home, King Bed 4 bed 2bath, Crib, parking",10279606,Nori,NINTH WARD,42.65691,-73.78389,Entire home/apt,198,1,137,25-04-2024,7.65,2,182,98
7.24567E+17,Cozy Greenwood Flat (1 BDR Apartment in Albany),360287870,Mela,SIXTH WARD,42.6513719,-73.7673156,Entire home/apt,113,2,29,05-05-2024,3.52,1,49,29
7.33965E+17,Historic 1 bed/ 1 bath,502037254,Andrew,SIXTH WARD,42.65035,-73.76549,Entire home/apt,68,14,1,26-03-2023,0.07,2,272,0
7.3588E+17,Modern & Homey 1BD/1BA Fl 1 Apt @ Downtown Albany,44434571,Earl,THIRD WARD,42.64564,-73.75261,Entire home/apt,89,1,44,28-04-2024,2.38,7,348,33
7.36123E+17,Albany Apartment w/ Deck - Walk to Capitol!,121680792,Evolve,SIXTH WARD,42.65245,-73.76294,Entire home/apt,221,2,8,09-07-2023,0.43,4,266,1
7.36894E+17,Lovely private room in center square for $700/mo,77367219,Elizabeth,SIXTH WARD,42.65643,-73.76402,Private room,,30,2,28-11-2022,0.11,1,299,0
7.37574E+17,4 bed all on one floor,232967878,Diana,TENTH WARD,42.66069,-73.78555,Entire home/apt,185,1,34,16-04-2024,1.89,22,52,24
7.39723E+17,Adirondack Suite #1,98744672,Bela,NINTH WARD,42.6543178,-73.7818222,Private room,45,2,23,31-03-2024,1.24,8,269,16
7.42947E+17,"Cozy ground floor near governor‚Äôs mansion, L Park",479114612,Anilexa,SECOND WARD,42.64469,-73.761,Entire home/apt,75,3,4,17-04-2024,0.23,1,348,3
7.436E+17,Cozy apartment 2min walk to Albanymed office space,484673863,Blossom Estates,NINTH WARD,42.65569,-73.77685,Entire home/apt,105,2,5,27-02-2024,0.3,2,292,1
7.44431E+17,"1 Bedroom on Lincoln Park, near Lark and Downtown",65414985,James,SEVENTH WARD,42.6496,-73.76792,Entire home/apt,81,2,9,30-12-2023,0.69,2,300,7
7.50749E+17,Clean Escape- Centrally located- Self Check-In,255839958,Kira,SEVENTH WARD,42.64284,-73.77997,Entire home/apt,131,1,15,04-05-2024,0.85,1,292,9
7.51421E+17,Modern- Cozy Center City 2 Bedroom Apartment Style,486073806,Keneisha,FIFTH WARD,42.66648,-73.76831,Entire home/apt,95,2,16,21-04-2024,1.08,1,356,10
7.52119E+17,Cozy luxury brownstone w/ parking & yard,258664571,Vorakij,SECOND WARD,42.64439385,-73.75975702,Entire home/apt,134,2,45,04-05-2024,3.1,2,320,41
7.52337E+17,Penthouse Brownstone w/ luxury amenities,258664571,Vorakij,SECOND WARD,42.6444412,-73.7597141,Entire home/apt,120,1,34,27-04-2024,2.64,2,342,31
7.56753E+17,Private Room in the Center of the Albany,69729286,Musab,SIXTH WARD,42.65259,-73.76732,Private room,50,5,15,23-03-2024,0.91,2,126,9
7.57342E+17,Elegant Studio in Center Square,188679144,Elizabeth,SIXTH WARD,42.65534,-73.76461,Entire home/apt,70,7,12,26-04-2024,0.68,8,287,8
7.57978E+17,Charming location near universities & hospital,232967878,Diana,THIRTEENTH WARD,42.67348,-73.7934,Entire home/apt,128,2,27,31-03-2024,1.85,22,85,21
7.61142E+17,"Great place in the heart of Albany, with Parking",37769478,Erion,SIXTH WARD,42.65405,-73.76953,Entire home/apt,95,1,29,26-04-2024,1.72,9,355,17
7.64509E+17,Rest+Restore Room ‚Ä¢ Short & Extended Stay ‚Ä¢,6203319,Melissa,TENTH WARD,42.66117,-73.79091,Private room,75,1,10,28-04-2024,0.57,3,89,9
7.74701E+17,Entire cozy unit in Albany,261036923,Hasan,FOURTEENTH WARD,42.6601,-73.80719,Entire home/apt,70,1,41,26-04-2024,2.5,1,226,27
7.75646E+17,"Casa Coquette+Near VA Hosp, MVP Arena & Law School",115597810,Massi,SIXTH WARD,42.6518469,-73.7642072,Entire home/apt,109,2,31,03-05-2024,1.88,1,313,22
7.77069E+17,Cozy Private Hideaway,442094566,Queen,THIRD WARD,42.65725,-73.75065,Entire home/apt,126,1,51,21-04-2024,3.11,1,359,42
7.82849E+17,Quiet Apt near the Empire State Plaza,491607190,Abba,SIXTH WARD,42.65183,-73.76594,Entire home/apt,110,1,14,05-05-2024,0.86,3,22,10
7.84781E+17,Private bedroom and private bath w/separate entry,491907850,Donna,FOURTEENTH WARD,42.66298,-73.81361,Private room,55,1,11,20-10-2023,0.74,1,83,6
7.86181E+17,Center Square Gem: Junior 1 Bedroom,188679144,Elizabeth,THIRD WARD,42.65653,-73.76223,Entire home/apt,,1,3,27-01-2024,0.33,8,364,3
7.86197E+17,Mansion in Albany 7minutes to Downtown Albany,444163492,Drasana,FOURTH WARD,42.67996,-73.75352,Entire home/apt,309,30,13,25-02-2024,0.89,1,71,11
7.86228E+17,Glamorous 1BR Retreat in Center Square,188679144,Elizabeth,SIXTH WARD,42.65322,-73.76249,Entire home/apt,,2,3,18-02-2024,0.41,8,354,3
7.86316E+17,Elegant newly renovated cozy smart apartment,253824490,Tomar & Kash,FIFTH WARD,42.65915031,-73.75431933,Entire home/apt,100,2,31,13-12-2023,2.03,1,148,22
7.87024E+17,*The Allen House* Gorgeous Apt - Sleeps 8,349460842,Scott,FOURTEENTH WARD,42.6653,-73.7943,Entire home/apt,208,1,56,21-04-2024,3.86,5,339,55
7.88301E+17,Spacious 2 bed w/parking,232967878,Diana,SECOND WARD,42.64324,-73.75732,Entire home/apt,150,1,42,31-03-2024,2.56,22,79,31
7.93223E+17,Cozy & Boho One Bed Apartment,462767507,Joshua,SIXTH WARD,42.65489,-73.77061,Entire home/apt,88,3,11,02-12-2023,0.73,4,355,8
7.94723E+17,Updated 3/1 unit for Professionals and Families,20144241,Carla,FIFTH WARD,42.67283,-73.77367,Entire home/apt,104,3,6,21-11-2023,0.52,1,326,6
7.95542E+17,Victorian Mansion on Washington Park,493882819,Terra,NINTH WARD,42.656329,-73.7752048,Private room,779,1,1,13-08-2023,0.11,6,298,1
7.96231E+17,Washington Park Inn - Room 4,493882819,Terra,NINTH WARD,42.65582,-73.77541,Private room,136,1,8,25-03-2024,0.83,6,207,8
7.97455E+17,Albany Medical/colleges/Downtown Albany/Green ROOM,89705052,Share,TENTH WARD,42.65741,-73.78034,Private room,55,2,11,03-04-2024,0.71,3,9,10
7.98715E+17,Cozy 1st Floor Apartment near the NYS Museum,491607190,Abba,SIXTH WARD,42.65038,-73.76664,Entire home/apt,,1,7,23-12-2023,0.46,3,0,4
8.02217E+17,Washington Park Inn - Room 6,493882819,Terra,SIXTH WARD,42.65751,-73.77409,Private room,136,1,5,10-02-2024,0.55,6,203,5
8.03605E+17,3br/2ba Near Alb Med & St.Petes.,21886921,David,FOURTEENTH WARD,42.66691,-73.79338,Entire home/apt,125,14,1,20-06-2023,0.09,2,273,1
8.03682E+17,Modern and Cozy Pine Hills Home from Early 1900s,265709295,Richard & Priscela,THIRTEENTH WARD,42.6702921,-73.7907283,Entire home/apt,190,1,4,21-04-2024,2.73,2,342,4
8.03814E+17,Washington Park Inn - Room 5,493882819,Terra,NINTH WARD,42.656329,-73.775205,Private room,136,1,3,27-08-2023,0.31,6,196,3
8.03868E+17,Washington Park Inn - Room 1,493882819,Terra,NINTH WARD,42.656329,-73.775205,Private room,136,1,6,17-03-2024,0.61,6,206,6
8.06768E+17,& Modern Luxury Cottage in Central ALB,110453341,Alexis,FIFTH WARD,42.6684126,-73.7684199,Entire home/apt,103,1,20,02-04-2024,1.29,1,285,12
8.12481E+17,Adorable Albany Apartment!,266096073,Caroline,THIRTEENTH WARD,42.67239,-73.79418,Entire home/apt,85,3,31,29-12-2023,2.09,1,42,24
8.1364E+17,The front room w/ TV and king size bed,116935236,Fs,THIRTEENTH WARD,42.67143615,-73.7903255,Private room,50,2,10,31-12-2023,1.08,4,263,10
8.16085E+17,Cozy Apartment across the Park,37769478,Erion,SIXTH WARD,42.65258,-73.76917,Entire home/apt,80,1,30,09-04-2024,1.98,9,186,24
8.21566E+17,COMFY Room/w Private BATH + TV,177073982,Cristian,FOURTEENTH WARD,42.66109,-73.80479,Private room,55,2,3,30-11-2023,0.21,2,125,1
8.23276E+17,Cozy Home 5 Minute Drive to Albany Med Hospital,500360485,Manjano,SIXTH WARD,42.65184046,-73.77073691,Entire home/apt,,2,0,,,1,0,0
8.26302E+17,2 br apt 2 min walk to albanymed offstreet parking,484673863,Blossom Estates,NINTH WARD,42.65613,-73.77469,Entire home/apt,205,1,17,28-01-2024,1.15,2,259,11
8.31123E+17,Boho-Chic Cape Conveniently Located,210596861,Craig,FIFTEENTH WARD,42.67076,-73.82612,Entire home/apt,228,2,59,23-04-2024,4.19,1,212,51
8.41524E+17,Mellow Cove,462042479,Natasha,SIXTH WARD,42.66007584,-73.76976949,Entire home/apt,120,3,4,02-04-2024,0.49,2,359,4
8.41524E+17,Cozy Cove Away From Home,462042479,Natasha,SIXTH WARD,42.65987,-73.77025,Entire home/apt,,3,12,03-12-2023,1.15,2,298,12
8.43481E+17,Center Square Serenity: 2-Bedroom Elegance,188679144,Elizabeth,SIXTH WARD,42.65482755,-73.76352687,Entire home/apt,,1,2,04-09-2023,0.15,8,339,1
8.4596E+17,Modern Cottage-Perfect for Groups!,268741708,Antoinette,FIRST WARD,42.63504,-73.79833,Entire home/apt,386,2,62,27-04-2024,4.55,1,93,58
8.46586E+17,Spacious Home Away from Home!,49372011,Phil,TWELFTH WARD,42.67336,-73.78619,Entire home/apt,175,3,12,02-02-2024,0.93,2,336,9
8.4946E+17,Your luxury home away from home,1761578,Grant,SIXTH WARD,42.65432,-73.76531,Entire home/apt,,2,1,18-02-2024,0.38,3,262,1
8.50173E+17,Stunning Guest Suite in Historic 1874 Row House,120815848,Phat,SECOND WARD,42.6446,-73.75885,Private room,95,1,82,04-05-2024,6.21,1,316,74
8.50654E+17,"Private queen bedroom near hospitals, schools",20536619,Emily,THIRTEENTH WARD,42.67177,-73.79464,Private room,80,4,6,17-03-2024,0.64,3,119,6
8.55337E+17,Eclectic diverse pets fenced yard,186074828,Blake,SECOND WARD,42.6457663,-73.7586141,Entire home/apt,85,1,34,05-05-2024,2.59,1,81,32
8.57982E+17,Updated Historic Brownstone Apt.,60293220,David,THIRD WARD,42.65817,-73.74935,Entire home/apt,93,3,12,26-03-2024,1.03,3,311,12
8.70293E+17,A Charming  Quiet Unit in a Two-Family House,510191554,He,FOURTEENTH WARD,42.66947,-73.81607,Entire home/apt,79,1,48,17-12-2023,3.75,1,25,43
8.70457E+17,Quiet Room Near Everything,177073982,Cristian,FOURTEENTH WARD,42.66128,-73.80548,Private room,55,3,4,02-03-2024,0.55,2,125,4
8.79055E+17,Hot tub + close to everything!,24423279,Leslie,FOURTEENTH WARD,42.66065,-73.80439,Private room,169,7,0,,,1,263,0
8.80291E+17,Spacious 3BR with 2BA & Laundry,49372011,Phil,ELEVENTH WARD,42.67355,-73.78496,Entire home/apt,175,2,19,26-01-2024,1.59,2,175,19
8.81232E+17,Exposed Brick with Park Views,37769478,Erion,SIXTH WARD,42.65379,-73.76901,Entire home/apt,89,1,8,13-06-2023,0.65,9,278,6
8.8223E+17,Modern / Downtown Albany 1 BR APT,512736975,Miguelino,TENTH WARD,42.6599733,-73.7747433,Entire home/apt,79,2,41,05-05-2024,3.46,1,152,41
8.87168E+17,The Comfort II,459472925,Gabriel,THIRD WARD,42.66246,-73.76576,Private room,45,1,17,16-04-2024,1.52,2,364,17
8.87179E+17,The Comfort,459472925,Gabriel,THIRD WARD,42.6628771,-73.7653403,Private room,45,1,13,07-03-2024,1.1,2,347,13
8.88859E+17,Downtown Albany Apartment: Walkable Location!,121680792,Evolve,THIRD WARD,42.6573,-73.7521,Entire home/apt,101,2,9,31-03-2024,0.77,4,351,9
8.97798E+17,2 Bedroom in quiet neighborhood,37769478,Erion,TENTH WARD,42.66215778,-73.79234534,Entire home/apt,100,1,18,21-04-2024,1.67,9,357,18
8.98744E+17,"Airy 5Br-2Ba, Kids Rm, 6TVs, Pvt yard & Parking!",516414095,Rashawn,TENTH WARD,42.66087,-73.78655,Entire home/apt,181,2,35,21-04-2024,3.25,1,145,35
9.02166E+17,2 bdrm Modern & Hip Apt w/ Patio,47625981,Linda,SEVENTH WARD,42.64787,-73.76707,Entire home/apt,155,1,31,16-04-2024,2.88,15,226,31
9.02327E+17,*The LEO Home* Private Bedrooms,349460842,Scott,TENTH WARD,42.66174,-73.78325,Private room,63,89,0,,,5,261,0
9.04393E+17,/Luxury Modern Western Hideout\,4259750,Peter,THIRTEENTH WARD,42.6652959,-73.7868778,Entire home/apt,207,2,14,20-04-2024,1.27,9,128,14
9.05007E+17,*The Red House* 4 Bedrooms‚Ä¢Just Renovated/Listed,349460842,Scott,TENTH WARD,42.66217,-73.78299,Entire home/apt,182,1,27,21-04-2024,2.72,5,346,27
9.10156E+17,Exclusive | Suite ~ Extended Stay,6203319,Melissa,TENTH WARD,42.66292,-73.7909,Private room,,1,1,26-07-2023,0.1,3,0,1
9.17511E+17,"R&R | Hospitals, Colleges + Politics",6203319,Melissa,TENTH WARD,42.66261,-73.79158,Private room,72,1,7,03-12-2023,0.69,3,123,7
9.1764E+17,Everything you need! Modern Gem on New Scotland,471810429,Maria,SEVENTH WARD,42.6519373,-73.78593012,Entire home/apt,170,2,83,19-04-2024,7.81,1,318,83
9.19056E+17,Room for rent,502751555,Grace,FIFTH WARD,42.67292,-73.7776,Private room,93,1,0,,,1,364,0
9.19729E+17,1Private room1B nearly AlbMed& St.Peter's Hospital,382446799,Elizabeth,NINTH WARD,42.6559529,-73.7807478,Private room,33,1,7,02-04-2024,0.78,3,315,7
9.21076E+17,Work hard! Play hard!,521669673,Kody,THIRD WARD,42.6586,-73.75743,Entire home/apt,80,14,2,07-09-2023,0.22,4,173,2
9.22634E+17,Charming 2 bdrm Apt- Home Away from Home,260986425,Connie,NINTH WARD,42.65483723,-73.79149619,Entire home/apt,,3,2,18-03-2024,0.22,1,0,2
9.24826E+17,1Private Room2B nearlyAlbMed & St.Peter's Hospital,382446799,Elizabeth,NINTH WARD,42.65496591,-73.78021705,Private room,44,1,7,26-02-2024,0.7,3,333,7
9.28949E+17,Newly Renovated Gem in Melrose - Pet Friendly,441054845,Thaddeus,THIRTEENTH WARD,42.67066076,-73.79571205,Entire home/apt,91,1,28,04-05-2024,2.97,1,207,28
9.32619E+17,Cozy space all on 1 floor close to U Albany,232967878,Diana,THIRTEENTH WARD,42.67294335,-73.79225343,Entire home/apt,125,1,11,21-04-2024,1.11,22,358,11
9.32642E+17,Stylish top floor apt w/parking,232967878,Diana,THIRTEENTH WARD,42.67132411,-73.79247187,Entire home/apt,150,1,15,20-04-2024,1.56,22,358,15
9.34035E+17,7,493882819,Terra,SIXTH WARD,42.65654926,-73.77433674,Private room,136,1,5,25-03-2024,0.52,6,212,5
9.34745E+17,Downtown Albany Apartment: Walk to Capitol!,456511812,Evolve,SIXTH WARD,42.65506,-73.76401,Entire home/apt,96,2,1,22-04-2024,1,1,357,1
9.37838E+17,Hudson 2 at The Argus Hotel,526358730,Argus,SIXTH WARD,42.6586722,-73.77478693,Private room,184,1,2,31-12-2023,0.24,12,218,2
9.37838E+17,Hudson 1 at The Argus Hotel,526358730,Argus,ELEVENTH WARD,42.6606,-73.77284,Private room,184,1,4,04-01-2024,0.57,12,218,4
9.37917E+17,Hudson 3 ADA at The Argus Hotel,526358730,Argus,TENTH WARD,42.65908259,-73.77455698,Private room,184,1,4,24-10-2023,0.45,12,225,4
9.37928E+17,Hudson 4 at The Argus Hotel,526358730,Argus,TENTH WARD,42.66043,-73.77432,Private room,184,1,0,,,12,208,0
9.37935E+17,Hudson 5 at The Argus Hotel,526358730,Argus,SIXTH WARD,42.65846944,-73.77272373,Private room,184,1,2,07-04-2024,0.3,12,221,2
9.37944E+17,Whalen Suite at The Argus Hotel,526358730,Argus,SIXTH WARD,42.6590802,-73.7732586,Private room,207,1,1,27-12-2023,0.23,12,221,1
9.3796E+17,Whalen Deluxe at The Argus Hotel,526358730,Argus,TENTH WARD,42.66003432,-73.77320092,Private room,,1,0,,,12,209,0
9.37967E+17,Whalen 3 at The Argus Hotel,526358730,Argus,SIXTH WARD,42.65856544,-73.77439829,Private room,,1,0,,,12,228,0
9.3826E+17,Whalen 4 at The Argus Hotel,526358730,Argus,SIXTH WARD,42.65892659,-73.77448007,Private room,,1,0,,,12,216,0
9.38266E+17,Knickerbocker 1 The Argus Hotel,526358730,Argus,TENTH WARD,42.6603672,-73.77326956,Private room,201,1,0,,,12,220,0
9.38272E+17,Knickerbocker 3 The Argus Hotel,526358730,Argus,SIXTH WARD,42.65868262,-73.77332643,Private room,,1,0,,,12,223,0
9.3828E+17,Carriage House The Argus Hotel,526358730,Argus,TENTH WARD,42.66036253,-73.77290224,Entire home/apt,364,1,6,25-02-2024,0.66,12,211,6
9.38421E+17,"The backroom with TV, Queen bed and extra futon",116935236,Fs,ELEVENTH WARD,42.6708367,-73.7853116,Private room,50,2,12,27-02-2024,1.26,4,360,12
9.38432E+17,The little room with TV and twin bed,116935236,Fs,THIRTEENTH WARD,42.66973566,-73.78610658,Private room,40,2,17,01-05-2024,1.76,4,265,17
9.38476E+17,Colorful and eclectic apartment,132766782,Kelly,TWELFTH WARD,42.67398204,-73.79126384,Entire home/apt,110,3,1,20-04-2024,1,1,224,1
9.4275E+17,The spacious room w/ dresser/desk,116935236,Fs,ELEVENTH WARD,42.67033902,-73.78509801,Private room,50,2,7,03-05-2024,1.84,4,259,7
9.50211E+17,"Historic, Spacious Mansion Suite",1717342,David,SIXTH WARD,42.6541815,-73.7608605,Entire home/apt,126,1,71,29-04-2024,8.13,2,219,71
9.50614E+17,A beautiful cozy home,529844022,Shirin,FIRST WARD,42.63855426,-73.76927029,Entire home/apt,,1,0,,,1,0,0
9.56423E+17,Comfy 1-Br Near Washington Park,491607190,Abba,TENTH WARD,42.66000843,-73.77397296,Entire home/apt,105,1,15,05-05-2024,1.72,3,26,15
9.57914E+17,"2 bedroom+home office, private parking & backyard",217254883,Ermenita,NINTH WARD,42.6549886,-73.7939094,Entire home/apt,132,1,52,04-05-2024,5.95,1,270,52
9.582E+17,Oasis Garden Apt w/Queen Bed,172539578,David Yisrael,FIFTEENTH WARD,42.6789628,-73.81724462,Entire home/apt,118,3,2,30-04-2024,0.36,2,120,2
9.63921E+17,Comfy studio in heart of Albany,189586864,Justin,SIXTH WARD,42.65240863,-73.77002141,Entire home/apt,89,1,30,28-04-2024,3.57,1,279,30
9.66288E+17,"Modern 2-bed Apt / Hospitals, SUNY, State Office",374765317,Tanjin,FIFTEENTH WARD,42.67059399,-73.81678288,Entire home/apt,104,3,6,07-03-2024,0.8,1,147,6
9.69887E+17,"1st Floor Room in grand manor with hot tub, coffee",382970529,Thomas,FOURTEENTH WARD,42.66877,-73.79927,Private room,65,1,3,16-04-2024,0.48,11,252,3
9.80034E+17,Chic Madison Parkview,241123402,JShing,SIXTH WARD,42.65312775,-73.76950465,Entire home/apt,125,1,9,04-05-2024,1.3,1,344,9
9.80414E+17,Intimate and Cozy Family House,536994984,Deanna,SEVENTH WARD,42.65246332,-73.77498767,Entire home/apt,,1,0,,,1,270,0
9.83307E+17,The House That Pat Built,114183978,Tyrell,FIFTH WARD,42.66627901,-73.76511948,Entire home/apt,,2,4,18-04-2024,0.61,1,163,4
9.83307E+17,The Rizzy Stay,426223840,Antonio,ELEVENTH WARD,42.66391566,-73.77786946,Entire home/apt,107,1,22,16-04-2024,2.91,2,225,22
9.8901E+17,Modern 1BR in a great location,75667477,Ahmad,SIXTH WARD,42.65411,-73.76129,Entire home/apt,85,30,2,07-11-2023,0.28,1,88,2
9.89897E+17,Minutes from hospitals and Universities,109133858,Priscilla,THIRTEENTH WARD,42.67159925,-73.79798657,Entire home/apt,218,1,1,18-02-2024,0.38,1,235,1
9.90935E+17,Garden level apartment | Center Sq-great location!,93905065,Grace,SIXTH WARD,42.65259924,-73.76178014,Entire home/apt,83,1,12,16-04-2024,3.43,1,174,12
9.9212E+17,Two bedroom close to colleges!,152762198,Allen,FOURTEENTH WARD,42.67097736,-73.80695226,Entire home/apt,103,3,10,03-05-2024,1.41,9,174,10
9.93431E+17,Albany 3 Bedroom Apt. Sleeps 6,309980121,Ron,SIXTH WARD,42.65623,-73.7641152,Entire home/apt,110,2,12,29-02-2024,1.75,1,5,12
9.99162E+17,"Spacious Apartment Downtown Albany, NY",531209536,Amar,THIRD WARD,42.6576159,-73.75115885,Entire home/apt,156,1,10,16-04-2024,1.49,1,309,10
1.00498E+18,Elegant Albany Retreat | Mins to Downtwn & St Rose,31318080,Cindy,EIGHTH WARD,42.65549778,-73.81065666,Entire home/apt,196,2,5,22-04-2024,1.88,1,136,5
1.00531E+18,Lil' Studio on Washington Park,462767507,Joshua,SIXTH WARD,42.65483901,-73.76743339,Entire home/apt,73,1,14,22-04-2024,2.12,4,326,14
1.00598E+18,Massive 4BD/3BA 2-Fl Townhouse Apt Downtown Albany,44434571,Earl,SECOND WARD,42.6453489,-73.7536465,Entire home/apt,199,1,15,28-04-2024,2.36,7,349,15
1.00735E+18,Top floor w/off street parking,232967878,Diana,TENTH WARD,42.6613655,-73.7848232,Entire home/apt,189,1,15,21-04-2024,2.45,22,265,15
1.01076E+18,Cozy room in ideally located manor with hot tub,382970529,Thomas,THIRTEENTH WARD,42.67002776,-73.79770542,Private room,60,1,20,27-04-2024,3.23,11,266,20
1.01076E+18,Cozy Room in grand home with hot tub and coffee!,382970529,Thomas,THIRTEENTH WARD,42.66970961,-73.79754999,Private room,60,1,24,04-05-2024,3.91,11,173,24
1.01366E+18,Cozy Room centrally located with hot tub,382970529,Thomas,FOURTEENTH WARD,42.66873117,-73.79930289,Private room,65,1,14,04-05-2024,2.3,11,69,14
1.01487E+18,Mini Mansion,509662927,Sergio,EIGHTH WARD,42.64549439,-73.83282736,Entire home/apt,411,1,23,16-04-2024,3.9,1,266,23
1.01539E+18,Á∫ΩÁ∫¶Â∑ûÈ¶ñÂ∫úÁöÑÊ∏©È¶®Â∞èÂ±ã,182509542,Yan,NINTH WARD,42.6558992,-73.7965699,Private room,24,1,0,,,1,77,0
1.01605E+18,Heart of Albany - Downtown Near Everything,42708277,Rodney,SIXTH WARD,42.6553868,-73.76416369,Entire home/apt,100,1,11,24-03-2024,1.79,2,232,11
1.0183E+18,Cozy room in perfect spot with Hot Tub and Coffee,382970529,Thomas,THIRTEENTH WARD,42.6699609,-73.79815654,Private room,65,1,30,30-04-2024,5.08,11,255,30
1.01897E+18,1 Comfy Bedroom Across the Park,37769478,Erion,SIXTH WARD,42.6535,-73.77046,Entire home/apt,73,1,19,04-05-2024,3.35,9,355,19
1.02052E+18,Downtown Studio,233515764,Etem,SECOND WARD,42.6471388,-73.75466082,Entire home/apt,69,1,32,01-05-2024,6.32,3,48,32
1.02099E+18,*N E W* Spacious Prime DT 1 Bedroom Apt w Office,47625981,Linda,THIRD WARD,42.65859809,-73.76420636,Entire home/apt,120,1,1,26-11-2023,0.18,15,262,1
1.02101E+18,*N E W* Modern 1 Bedroom RARE Apt w office space,47625981,Linda,THIRD WARD,42.659707,-73.76382105,Entire home/apt,119,1,6,25-02-2024,1.15,15,234,6
1.02305E+18,Great home in Albany,496990578,Brian,ELEVENTH WARD,42.66838,-73.77868,Entire home/apt,108,2,22,29-04-2024,4.23,1,36,22
1.02853E+18,The Emerald Escape | Two Bed Apartment,462767507,Joshua,SIXTH WARD,42.65487398,-73.76519869,Entire home/apt,96,3,9,27-04-2024,1.64,4,141,9
1.03177E+18,Apartment near downtown Albany,542010451,Sophia,THIRD WARD,42.65863677,-73.75184061,Entire home/apt,,30,0,,,1,87,0
1.03472E+18,"*Huge, bright, private 2Bedroom*",130404008,Michael,THIRD WARD,42.6571053,-73.75132909,Entire home/apt,,14,0,,,1,40,0
1.03482E+18,"House w/ pond, gardens, sunroom and foosball",392833833,Mary,TWELFTH WARD,42.67595537,-73.79260844,Entire home/apt,192,2,10,26-04-2024,2,1,128,10
1.04012E+18,Good Vibes Only,519143007,Philip,ELEVENTH WARD,42.67368029,-73.78413108,Entire home/apt,60,1,19,04-05-2024,4.04,1,155,19
1.04062E+18,Safe - Sweet -Serene - Long Term,42708277,Rodney,SIXTH WARD,42.65446888,-73.76077862,Entire home/apt,97,1,15,19-04-2024,3.54,2,225,15
1.04119E+18,"Great Value for Groups!  5 Beds!  W/D, & Driveway!",65282034,Archer,TENTH WARD,42.66106893,-73.7897306,Entire home/apt,133,2,7,26-04-2024,1.46,1,121,7
1.04357E+18,2 bed room Apartment,212885959,Osas,SECOND WARD,42.63975708,-73.75705214,Entire home/apt,110,1,9,28-04-2024,3.14,1,242,9
1.0437E+18,Charming 1920s house sleeps 6-7,30218591,Rebecca,FIFTEENTH WARD,42.6743202,-73.81555184,Entire home/apt,1750,2,0,,,1,143,0
1.05154E+18,Renovated Cozy 1920‚Äôs Apartment,31994990,G.G.,SEVENTH WARD,42.64478211,-73.77639568,Entire home/apt,,2,0,,,2,168,0
1.05238E+18,Charming Bungalow in Albany!,52464523,Dashima,FIRST WARD,42.64081288,-73.77462753,Entire home/apt,,3,3,19-04-2024,0.71,1,98,3
1.05389E+18,Free WiFi! King size bed! Adjustable Queen bed!,552465537,Kemba,NINTH WARD,42.65988605,-73.79205704,Entire home/apt,140,1,11,04-05-2024,5.32,1,321,11
1.05607E+18,two private bedrooms near hospitals & schools,20536619,Emily,THIRTEENTH WARD,42.67140385,-73.79431184,Private room,85,4,0,,,3,119,0
1.05647E+18,"Bonjour, Bienvenue A Chez Pierre",553112010,Linda,TWELFTH WARD,42.71489626,-73.87648859,Private room,103,2,0,,,1,268,0
1.05793E+18,Apt,217818949,Nickolas,FOURTH WARD,42.6631159,-73.73810329,Shared room,105,1,1,05-02-2024,0.33,1,269,1
1.06181E+18,Massive 5BD/4BA 3-Story Duplex @ Downtown Albany,44434571,Earl,SECOND WARD,42.64418,-73.75316,Entire home/apt,,1,3,21-04-2024,1.22,7,249,3
1.06253E+18,private twin room prime location,20536619,Emily,THIRTEENTH WARD,42.67096068,-73.79513938,Private room,64,6,2,10-02-2024,0.63,3,179,2
1.07278E+18,The Bluebird‚Äôs Nest,426223840,Antonio,ELEVENTH WARD,42.66391566,-73.77786946,Entire home/apt,144,1,16,28-04-2024,5.16,2,249,16
1.07318E+18,In the heart of Albany,31994990,G.G.,SEVENTH WARD,42.64472876,-73.77641183,Entire home/apt,53,30,0,,,2,353,0
1.07544E+18,The Tangerine Door,542733174,Rebecca,TWELFTH WARD,42.67908162,-73.79504903,Entire home/apt,130,2,6,22-04-2024,1.94,1,211,6
1.07974E+18,Lark St Oasis: Parking & Laundry,119340359,Lori,SIXTH WARD,42.65607074,-73.76345323,Entire home/apt,139,28,6,10-03-2024,2.28,2,23,6
1.09078E+18,Newly renovated cozy apartment !,521669673,Kody,THIRD WARD,42.65975214,-73.76311389,Entire home/apt,68,14,0,,,4,242,0
1.0908E+18,Work hard and relax !,521669673,Kody,THIRD WARD,42.65874241,-73.76302093,Entire home/apt,,14,0,,,4,172,0
1.09142E+18,2 bed with parking off Madison,232967878,Diana,TENTH WARD,42.65988162,-73.78485791,Entire home/apt,105,2,2,07-04-2024,1.43,22,58,2
1.0915E+18,Triplex oasis w:parking near MVP,232967878,Diana,SECOND WARD,42.6432406,-73.75805243,Entire home/apt,86,2,9,21-04-2024,3.97,22,65,9
1.098E+18,New Center square studio,232967878,Diana,SIXTH WARD,42.65268877,-73.76567402,Entire home/apt,93,2,6,22-04-2024,3.1,22,77,6
1.10088E+18,"Homey, Quiet 2BR W/ Washer Dryer",152762198,Allen,FOURTEENTH WARD,42.6700796,-73.80691103,Entire home/apt,103,3,2,02-05-2024,2,9,136,2
1.10298E+18,Lovely 1 bedroom across the Park,37769478,Erion,SIXTH WARD,42.65288614,-73.76834284,Entire home/apt,77,1,7,29-04-2024,3.62,9,172,7
1.10498E+18,"Safe, Affordable, Adorable w/ Hot Tub and Coffee",382970529,Thomas,THIRTEENTH WARD,42.66943099,-73.79881962,Private room,61,1,19,29-04-2024,9.34,11,237,19
1.1053E+18,Downtown Brownstone with a View!,14817455,Matt,THIRD WARD,42.65749261,-73.75262964,Entire home/apt,140,7,0,,,1,268,0
1.11122E+18,Historical Pastures,418250661,Stephanie,THIRD WARD,42.6564469,-73.7507251,Entire home/apt,116,3,4,21-04-2024,2.67,1,267,4
1.11969E+18,"Apartment in Albany Near MVP Arena - 1BR, Sleeps 4",472965048,Matt,SIXTH WARD,42.65347719,-73.76369544,Entire home/apt,91,1,2,19-04-2024,2,2,168,2
1.11984E+18,1 bed 1 bath Apartment,477328400,Tyler,SEVENTH WARD,42.64885,-73.76523,Entire home/apt,105,1,1,04-05-2024,1,1,86,1
1.12021E+18,"Cozy 1BR Near Empire Plaza, MVP Arena & DWTN",472965048,Matt,SIXTH WARD,42.6519411,-73.76525909,Entire home/apt,92,1,5,05-05-2024,4.05,2,168,5
1.1217E+18,Cozy apartment in Albany,1761578,Grant,SIXTH WARD,42.65314409,-73.76545807,Entire home/apt,,2,2,17-04-2024,2,3,266,2
1.12323E+18,"Modern home, King Bed, parking",10279606,Nori,FIFTEENTH WARD,42.66901217,-73.82402339,Entire home/apt,149,1,3,28-04-2024,3,2,232,3
1.12456E+18,Charming 1BR Near Capitol-Dwntwn,46312980,Robert,SECOND WARD,42.646032,-73.760482,Entire home/apt,85,3,0,,,2,221,0
1.12463E+18,Modern Duplex - Historical Home,46312980,Robert,SECOND WARD,42.646032,-73.760482,Entire home/apt,110,3,1,16-04-2024,1,2,183,1
1.12833E+18,Downtown Albany Vacation Rental - Chic & Walkable!,121680792,Evolve,THIRD WARD,42.65783832,-73.75382159,Entire home/apt,107,2,0,,,4,343,0
1.12839E+18,Welcome home travelers,502037254,Andrew,SEVENTH WARD,42.64893023,-73.76885853,Entire home/apt,99,25,0,,,2,224,0
1.12901E+18,Walk to Albany Med & Restaurants,30883612,Mary,NINTH WARD,42.65445038,-73.78924226,Entire home/apt,125,30,0,,,2,269,0
1.1303E+18,Cozy room in Albany near Hospitals,32379616,Fabiola,TENTH WARD,42.6605357,-73.7831436,Private room,32,28,1,25-04-2024,1,1,228,1
1.13494E+18,Calling all travelers,521669673,Kody,THIRD WARD,42.65909028,-73.75690831,Entire home/apt,85,14,0,,,4,208,0
1.13581E+18,Cozy Bedrooms in Albany,522436003,Adriana,THIRTEENTH WARD,42.6689614,-73.7890379,Private room,40,7,0,,,2,22,0
1.13899E+18,Funky space close to MVP center,232967878,Diana,SECOND WARD,42.64478768,-73.75652666,Entire home/apt,110,2,0,,,22,49,0
1.14153E+18,North Allen,522436003,Adriana,THIRTEENTH WARD,42.6689614,-73.7890379,Private room,36,7,0,,,2,244,0
1.14283E+18,Albany Urban Retreat,129023424,Riccardo,THIRTEENTH WARD,42.67105173,-73.79950114,Entire home/apt,119,5,0,,,1,207,0
1.14434E+18,Hidden Hideaway in the Hills,17578403,Richard,NINTH WARD,42.66142664,-73.79214312,Private room,39,1,0,,,1,171,0
1.14624E+18,Larson Green,233515764,Etem,SIXTH WARD,42.6524924,-73.7674361,Entire home/apt,96,1,0,,,3,254,0
1.14635E+18,491 Washington Ave FL1Rare,575030103,Rehan,ELEVENTH WARD,42.66259,-73.7733,Private room,55,2,0,,,1,267,0
1.14709E+18,Larson Blue,233515764,Etem,SIXTH WARD,42.65273562,-73.767787,Entire home/apt,95,1,1,03-05-2024,1,3,255,1
1.14928E+18,1Private Room3,382446799,Elizabeth,NINTH WARD,42.65601076,-73.78073171,Private room,25,1,0,,,3,322,0
